{
    "title" : "Welkom! bij de onboarding workflow van Vario Onderwijsgroep",
    "message" : "Even geduld a.u.b. je geweldige Macbook wordt momenteel geconfigureerd...",
    "button1text": "Ga door",
    "icon" : "/Library/Application Support/SwiftDialogResources/icons/Vario-Onderwijsgroep.png",
    "iconsize" : "300",
    "listitem" : [

      {"title" : "Company Portal", "icon" : "/Library/Application Support/SwiftDialogResources/icons/CompanyPortal.png", "status" : "pending", "statustext" : "Pending"},
      {"title" : "Microsoft 365", "icon" : "/Library/Application Support/SwiftDialogResources/icons/Microsoft 365.png", "status" : "pending", "statustext" : "Pending"},
      {"title" : "Microsoft Remote Help", "icon" : "/Library/Application Support/SwiftDialogResources/icons/RemoteHelp.png", "status" : "pending", "statustext" : "Pending"},
      {"title" : "Microsoft Edge", "icon" : "/Library/Application Support/SwiftDialogResources/icons/Edge.png", "status" : "pending", "statustext" : "Pending"},
      {"title" : "Google Chrome", "icon" : "/Library/Application Support/SwiftDialogResources/icons/Chrome.png", "status" : "pending", "statustext" : "Pending"},
      {"title" : "Firefox", "icon" : "/Library/Application Support/SwiftDialogResources/icons/Firefox.png", "status" : "pending", "statustext" : "Pending"},

    ]
  }
